,Aditya Birla Sun Life Corporate Bond Fund Growth Direct Plan,Aditya Birla Sun Life Government Securities Fund Growth Instant Gain Direct Plan,Aditya Birla Sun Life Income Fund Growth Direct Plan,Aditya Birla Sun Life Regular Savings Fund Direct Plan Growth,Axis Bluechip Fund Direct Plan Growth,Axis Dynamic Bond Fund Direct Plan Growth Option,Axis Equity Saver Fund Direct Plan Growth,Axis Liquid Fund Direct Plan Growth Option,Axis Long Term Equity Fund Direct Plan Growth Option,Axis Midcap Fund Direct Plan Growth,Axis Short Term Fund Direct Plan Growth Option,Axis Strategic Bond Fund Direct Plan Growth Option,Axis Treasury Advantage Fund Direct Plan Growth Option,Baroda Conservative Hybrid Fund Plan B (Direct) Growth Option,Baroda Short Term Bond Fund - Plan B (Direct) - Growth Option,BNP Paribas Conservative Hybrid Fund Direct Plan Growth Option,BNP Paribas Substantial Equity Hybrid Direct Growth,BOI AXA Tax Advantage Fund-Direct Plan- Growth,Canara Robeco Bluechip Equity Fund Direct Plan Growth,Canara Robeco Emerging Equities-Direct Plan-Growth Option,Canara Robeco Equity Taxsaver - Direct Plan - Growth Option,DSP Tax Saver Fund - Direct Plan - Growth,Edelweiss Balanced Advantage Fund -Direct Plan-Growth,Edelweiss Banking and PSU Debt Fund Direct Growth,Edelweiss Government Securities Fund Direct Growth,Essel Liquid Fund Direct Plan Growth Option,Franklin Build India Fund - Direct - Growth,HDFC Balanced Adv Direct Plan Growth Option,HDFC Corporate Bond Fund -Direct Plan - Growth Option,HDFC Credit Risk Debt Fund Direct Plan Growth Option,HDFC Equity Savings Fund -Direct Plan - Growth Option,HDFC Hybrid Debt Direct Plan Growth Option,HDFC Short Term Debt Fund -Direct Plan - Growth Option,ICICI Prudential All Seasons Bond Fund Direct Plan Growth,ICICI Prudential Banking and Financial Services Fund Direct Plan Growth,ICICI Prudential Banking and PSU Debt Fund Direct Plan Growth,ICICI Prudential Bluechip Fund Direct Plan Growth,ICICI Prudential Constant Maturity Gilt Direct Growth,ICICI Prudential Credit Risk Fund Direct Plan Growth,ICICI Prudential Debt Management Fund(FOF) Direct Plan Growth,ICICI Prudential Nifty Next 50 Index Fund Direct Plan Growth,ICICI Prudential Ultra Short Term Fund Direct Plan Growth,IDFC Bond Fund - Income Plan - Direct Plan - Growth,IDFC Dynamic Bond Fund - Direct Plan - Growth,IDFC Government Securities Fund - Investment Plan - Direct Plan - Growth,IDFC Tax Advantage (ELSS) Fund - Direct Plan - Growth,IIFL Focused Equity Fund Direct Growth,Invesco India Contra Fund - Direct Plan - Growth,Invesco India Infrastructure Fund - Direct Pan - Growth Option,Kotak Bond Short Term Plan - Growth - Direct,Kotak Credit Risk FundGrowthDirect,Kotak Debt Hybrid Direct Growth,Kotak Emerging Equity Scheme Direct Growth,L&amp;T Low Duration Fund Direct Plan Growth Option,L&amp;T Money Market Fund Direct Plan Growth Option,L&amp;T Triple Ace Bond Fund Direct Plan Growth Plan,Mahindra Dhan Sanchay Equity Savings Yojana Direct Plan Growth,Mirae Asset Emerging Bluechip Fund - Direct Plan - Growth,Mirae Asset Large Cap Fund Direct Plan Growth,Mirae Asset Tax Saver Fund -Direct Plan-Growth,Nippon India Balanced Advantage Fund - Direct Plan - Growth Plan,Nippon India Gilt Securities Fund- Direct Plan- Growth Plan- Bonus Option,Nippon India Large Cap Fund - Direct Plan - Growth Plan,Nippon India Money Market Fund Direct Plan Growth Option,Nippon India Short Term Fund - Direct Plan - Growth Plan,Parag Parikh Long Term Equity Direct Growth,PGIM India Midcap Opportunities Fund Direct Growth,Principal Equity Savings - Direct Plan - Growth Option,Quant Absolute Fund Growth Option Direct Plan,Quant Active Fund Growth Option Direct Plan,Quant Tax Plan Growth Option Direct Plan,SBI Banking &amp; Financial Services Direct Growth,SBI Magnum Children&apos;s Benefit Fund Direct Growth,SBI Magnum Constant Maturity Fund Direct Growth,SBI Magnum Income Fund Direct Growth,SBI Magnum Low Duration Fund Direct Plan Growth,SBI Magnum Medium Duration Fund Direct Growth,SBI Multi Asset Allocation Fund Direct Plan Growth,SBI Short Term Debt Fund Direct Growth,SBI Small Cap Fund Direct Plan Growth,Tata Retirement Savings Conservative Fund Direct Plan Growth,Tata Retirement Savings Moderate Fund Direct Plan Growth,UTI Equity Fund - Growth Option - Direct
exchange,BSE,BSE,BSE,BSE,BSE,BSE,BSE,BSE,BSE,BSE,BSE,BSE,BSE,BSE,BSE,BSE,BSE,BSE,BSE,BSE,BSE,BSE,BSE,BSE,BSE,BSE,BSE,BSE,BSE,BSE,BSE,BSE,BSE,BSE,BSE,BSE,BSE,BSE,BSE,BSE,BSE,BSE,BSE,BSE,BSE,BSE,BSE,BSE,BSE,BSE,BSE,BSE,BSE,BSE,BSE,BSE,BSE,BSE,BSE,BSE,BSE,BSE,BSE,BSE,BSE,BSE,BSE,BSE,BSE,BSE,BSE,BSE,BSE,BSE,BSE,BSE,BSE,BSE,BSE,BSE,BSE,BSE,BSE
shortName,Aditya Birla Sun Life Corporate,Aditya Birla Sun Life Governmen,Aditya Birla Sun Life Income Fu,Aditya Birla Sun Life Reg Savin,Axis Bluechip Fund Direct Plan ,Axis Dynamic Bond Fund Direct P,Axis Equity Saver Fund Direct P,Axis Liquid Fund Direct Plan Gr,Axis Long Term Equity Fund Dire,Axis Midcap Fund Direct Plan Gr,Axis Short Term Fund Direct Pla,Axis Strategic Bond Fund Direct,Axis Treasury Advantage Fund Di,Baroda Conservative Hybrid Fund,Baroda Short Term Bond Fund Pla,BNP Paribas Conservative Hybrid,BNP Paribas Substantial Equity ,BOI AXA Tax Advantage Fund Dire,Canara Robeco Bluechip Equity F,Canara Robeco Emerging Equities,Canara Robeco Equity Taxsaver D,DSP Tax Saver Fund Direct Plan ,Edelweiss Balanced Advantage Fu,Edelweiss Banking and PSU Debt ,Edelweiss Government Securities,Navi Liquid Fund Direct Plan Gr,Franklin Build India Fund Direc,HDFC Balanced Advantage Fund Di,HDFC Corporate Bond Fund -Direc,HDFC Credit Risk Debt Fund Dire,HDFC Equity Savings Fund -Direc,HDFC Hybrid Debt Direct Plan Gr,HDFC Short Term Debt Fund -Dire,ICICI Prudential All Seasons Bo,ICICI Prudential Banking and Fi,ICICI Prudential Banking and PS,ICICI Prudential Bluechip Fund ,ICICI Prudential Constant Matur,ICICI Prudential Credit Risk Fu,ICICI Prudential Debt Managemen,ICICI Prudential Nifty Next 50 ,ICICI Prudential Ultra Short Te,IDFC Bond Fund - Income Plan - ,IDFC Dynamic Bond Fund - Direct,IDFC Government Securities Fund,IDFC Tax Advantage (ELSS) Fund ,IIFL Focused Equity Fund Direct,Invesco India Contra Fund Direc,Invesco India Infrastructure Fu,Kotak Bond Short Term Plan Dire,Kotak Credit Risk Fund Direct G,Kotak Debt Hybrid Direct Growth,Kotak Emerging Equity Scheme Di,L&T Low Duration Fund Direct Pl,L&T Money Market Fund Direct Pl,L&T Triple Ace Bond Fund Direct,Mahindra Manulife Equity Saving,Mirae Asset Emerging Bluechip F,Mirae Asset Large Cap Fund Dire,Mirae Asset Tax Saver Fund -Dir,Nippon India Balanced Advantage,Nippon India Gilt Securities Fu,Nippon India Large Cap Fund - D,Nippon India Money Market Fund ,Nippon India Short Term Fund - ,Parag Parikh Flexi Cap Direct G,PGIM India Midcap Opportunities,Principal Equity Savings - Dire,Quant Absolute Fund Growth Opti,Quant Active Fund Growth Option,Quant Tax Plan Growth Option Di,SBI Banking & Financial Service,SBI Magnum Children's Benefit F,SBI Magnum Constant Maturity Fu,SBI Magnum Income Fund Direct G,SBI Magnum Low Duration Fund Di,SBI Magnum Medium Duration Fund,SBI Multi Asset Allocation Fund,SBI Short Term Debt Fund Direct,SBI Small Cap Fund Direct Plan ,Tata Retirement Savings Conserv,Tata Retirement Savings Moderat,UTI Flexi Cap Fund - Growth Opt
longName,Aditya Birla Sun Life Corporate Bond Fund Growth Direct Plan,Aditya Birla Sun Life Government Securities Fund Growth Instant Gain Direct Plan,Aditya Birla Sun Life Income Fund Growth Direct Plan,Aditya Birla Sun Life Regular Savings Fund Direct Plan Growth,Axis Bluechip Fund Direct Plan Growth,Axis Dynamic Bond Fund Direct Plan Growth Option,Axis Equity Saver Fund Direct Plan Growth,Axis Liquid Fund Direct Plan Growth Option,Axis Long Term Equity Fund Direct Plan Growth Option,Axis Midcap Fund Direct Plan Growth,Axis Short Term Fund Direct Plan Growth Option,Axis Strategic Bond Fund Direct Plan Growth Option,Axis Treasury Advantage Fund Direct Plan Growth Option,Baroda Conservative Hybrid Fund Plan B (Direct) Growth Option,Baroda Short Term Bond Fund - Plan B (Direct) - Growth Option,BNP Paribas Conservative Hybrid Fund Direct Plan Growth Option,BNP Paribas Substantial Equity Hybrid Direct Growth,BOI AXA Tax Advantage Fund-Direct Plan- Growth,Canara Robeco Bluechip Equity Fund Direct Plan Growth,Canara Robeco Emerging Equities-Direct Plan-Growth Option,Canara Robeco Equity Taxsaver - Direct Plan - Growth Option,DSP Tax Saver Fund - Direct Plan - Growth,Edelweiss Balanced Advantage Fund -Direct Plan-Growth,Edelweiss Banking and PSU Debt Fund Direct Growth,Edelweiss Government Securities Fund Direct Growth,Essel Liquid Fund Direct Plan Growth Option,Franklin Build India Fund - Direct - Growth,HDFC Balanced Adv Direct Plan Growth Option,HDFC Corporate Bond Fund -Direct Plan - Growth Option,HDFC Credit Risk Debt Fund Direct Plan Growth Option,HDFC Equity Savings Fund -Direct Plan - Growth Option,HDFC Hybrid Debt Direct Plan Growth Option,HDFC Short Term Debt Fund -Direct Plan - Growth Option,ICICI Prudential All Seasons Bond Fund Direct Plan Growth,ICICI Prudential Banking and Financial Services Fund Direct Plan Growth,ICICI Prudential Banking and PSU Debt Fund Direct Plan Growth,ICICI Prudential Bluechip Fund Direct Plan Growth,ICICI Prudential Constant Maturity Gilt Direct Growth,ICICI Prudential Credit Risk Fund Direct Plan Growth,ICICI Prudential Debt Management Fund(FOF) Direct Plan Growth,ICICI Prudential Nifty Next 50 Index Fund Direct Plan Growth,ICICI Prudential Ultra Short Term Fund Direct Plan Growth,IDFC Bond Fund - Income Plan - Direct Plan - Growth,IDFC Dynamic Bond Fund - Direct Plan - Growth,IDFC Government Securities Fund - Investment Plan - Direct Plan - Growth,IDFC Tax Advantage (ELSS) Fund - Direct Plan - Growth,IIFL Focused Equity Fund Direct Growth,Invesco India Contra Fund - Direct Plan - Growth,Invesco India Infrastructure Fund - Direct Pan - Growth Option,Kotak Bond Short Term Plan - Growth - Direct,Kotak Credit Risk FundGrowthDirect,Kotak Debt Hybrid Direct Growth,Kotak Emerging Equity Scheme Direct Growth,L&amp;T Low Duration Fund Direct Plan Growth Option,L&amp;T Money Market Fund Direct Plan Growth Option,L&amp;T Triple Ace Bond Fund Direct Plan Growth Plan,Mahindra Dhan Sanchay Equity Savings Yojana Direct Plan Growth,Mirae Asset Emerging Bluechip Fund - Direct Plan - Growth,Mirae Asset Large Cap Fund Direct Plan Growth,Mirae Asset Tax Saver Fund -Direct Plan-Growth,Nippon India Balanced Advantage Fund - Direct Plan - Growth Plan,Nippon India Gilt Securities Fund- Direct Plan- Growth Plan- Bonus Option,Nippon India Large Cap Fund - Direct Plan - Growth Plan,Nippon India Money Market Fund Direct Plan Growth Option,Nippon India Short Term Fund - Direct Plan - Growth Plan,Parag Parikh Long Term Equity Direct Growth,PGIM India Midcap Opportunities Fund Direct Growth,Principal Equity Savings - Direct Plan - Growth Option,Quant Absolute Fund Growth Option Direct Plan,Quant Active Fund Growth Option Direct Plan,Quant Tax Plan Growth Option Direct Plan,SBI Banking &amp; Financial Services Direct Growth,SBI Magnum Children&apos;s Benefit Fund Direct Growth,SBI Magnum Constant Maturity Fund Direct Growth,SBI Magnum Income Fund Direct Growth,SBI Magnum Low Duration Fund Direct Plan Growth,SBI Magnum Medium Duration Fund Direct Growth,SBI Multi Asset Allocation Fund Direct Plan Growth,SBI Short Term Debt Fund Direct Growth,SBI Small Cap Fund Direct Plan Growth,Tata Retirement Savings Conservative Fund Direct Plan Growth,Tata Retirement Savings Moderate Fund Direct Plan Growth,UTI Equity Fund - Growth Option - Direct
exchangeTimezoneName,Asia/Kolkata,Asia/Kolkata,Asia/Kolkata,Asia/Kolkata,Asia/Kolkata,Asia/Kolkata,Asia/Kolkata,Asia/Kolkata,Asia/Kolkata,Asia/Kolkata,Asia/Kolkata,Asia/Kolkata,Asia/Kolkata,Asia/Kolkata,Asia/Kolkata,Asia/Kolkata,Asia/Kolkata,Asia/Kolkata,Asia/Kolkata,Asia/Kolkata,Asia/Kolkata,Asia/Kolkata,Asia/Kolkata,Asia/Kolkata,Asia/Kolkata,Asia/Kolkata,Asia/Kolkata,Asia/Kolkata,Asia/Kolkata,Asia/Kolkata,Asia/Kolkata,Asia/Kolkata,Asia/Kolkata,Asia/Kolkata,Asia/Kolkata,Asia/Kolkata,Asia/Kolkata,Asia/Kolkata,Asia/Kolkata,Asia/Kolkata,Asia/Kolkata,Asia/Kolkata,Asia/Kolkata,Asia/Kolkata,Asia/Kolkata,Asia/Kolkata,Asia/Kolkata,Asia/Kolkata,Asia/Kolkata,Asia/Kolkata,Asia/Kolkata,Asia/Kolkata,Asia/Kolkata,Asia/Kolkata,Asia/Kolkata,Asia/Kolkata,Asia/Kolkata,Asia/Kolkata,Asia/Kolkata,Asia/Kolkata,Asia/Kolkata,Asia/Kolkata,Asia/Kolkata,Asia/Kolkata,Asia/Kolkata,Asia/Kolkata,Asia/Kolkata,Asia/Kolkata,Asia/Kolkata,Asia/Kolkata,Asia/Kolkata,Asia/Kolkata,Asia/Kolkata,Asia/Kolkata,Asia/Kolkata,Asia/Kolkata,Asia/Kolkata,Asia/Kolkata,Asia/Kolkata,Asia/Kolkata,Asia/Kolkata,Asia/Kolkata,Asia/Kolkata
exchangeTimezoneShortName,IST,IST,IST,IST,IST,IST,IST,IST,IST,IST,IST,IST,IST,IST,IST,IST,IST,IST,IST,IST,IST,IST,IST,IST,IST,IST,IST,IST,IST,IST,IST,IST,IST,IST,IST,IST,IST,IST,IST,IST,IST,IST,IST,IST,IST,IST,IST,IST,IST,IST,IST,IST,IST,IST,IST,IST,IST,IST,IST,IST,IST,IST,IST,IST,IST,IST,IST,IST,IST,IST,IST,IST,IST,IST,IST,IST,IST,IST,IST,IST,IST,IST,IST
isEsgPopulated,False,False,False,False,False,False,False,False,False,False,False,False,False,False,False,False,False,False,False,False,False,False,False,False,False,False,False,True,False,False,True,False,False,False,True,False,True,False,False,False,True,False,False,False,False,True,True,True,True,False,False,False,True,False,False,False,True,True,True,True,True,False,True,False,False,True,True,True,True,True,True,True,False,False,False,False,False,False,False,True,False,True,True
gmtOffSetMilliseconds,19800000,19800000,19800000,19800000,19800000,19800000,19800000,19800000,19800000,19800000,19800000,19800000,19800000,19800000,19800000,19800000,19800000,19800000,19800000,19800000,19800000,19800000,19800000,19800000,19800000,19800000,19800000,19800000,19800000,19800000,19800000,19800000,19800000,19800000,19800000,19800000,19800000,19800000,19800000,19800000,19800000,19800000,19800000,19800000,19800000,19800000,19800000,19800000,19800000,19800000,19800000,19800000,19800000,19800000,19800000,19800000,19800000,19800000,19800000,19800000,19800000,19800000,19800000,19800000,19800000,19800000,19800000,19800000,19800000,19800000,19800000,19800000,19800000,19800000,19800000,19800000,19800000,19800000,19800000,19800000,19800000,19800000,19800000
quoteType,MUTUALFUND,MUTUALFUND,MUTUALFUND,MUTUALFUND,MUTUALFUND,MUTUALFUND,MUTUALFUND,MUTUALFUND,MUTUALFUND,MUTUALFUND,MUTUALFUND,MUTUALFUND,MUTUALFUND,MUTUALFUND,MUTUALFUND,MUTUALFUND,MUTUALFUND,MUTUALFUND,MUTUALFUND,MUTUALFUND,MUTUALFUND,MUTUALFUND,MUTUALFUND,MUTUALFUND,MUTUALFUND,MUTUALFUND,MUTUALFUND,MUTUALFUND,MUTUALFUND,MUTUALFUND,MUTUALFUND,MUTUALFUND,MUTUALFUND,MUTUALFUND,MUTUALFUND,MUTUALFUND,MUTUALFUND,MUTUALFUND,MUTUALFUND,MUTUALFUND,MUTUALFUND,MUTUALFUND,MUTUALFUND,MUTUALFUND,MUTUALFUND,MUTUALFUND,MUTUALFUND,MUTUALFUND,MUTUALFUND,MUTUALFUND,MUTUALFUND,MUTUALFUND,MUTUALFUND,MUTUALFUND,MUTUALFUND,MUTUALFUND,MUTUALFUND,MUTUALFUND,MUTUALFUND,MUTUALFUND,MUTUALFUND,MUTUALFUND,MUTUALFUND,MUTUALFUND,MUTUALFUND,MUTUALFUND,MUTUALFUND,MUTUALFUND,MUTUALFUND,MUTUALFUND,MUTUALFUND,MUTUALFUND,MUTUALFUND,MUTUALFUND,MUTUALFUND,MUTUALFUND,MUTUALFUND,MUTUALFUND,MUTUALFUND,MUTUALFUND,MUTUALFUND,MUTUALFUND,MUTUALFUND
symbol,0P0000XVXX.BO,0P0001BNS5.BO,0P0000XVX0.BO,0P0000XVXP.BO,0P0000XVTL.BO,0P0000XVTE.BO,0P00016KOT.BO,0P0000XVUB.BO,0P0000XVU7.BO,0P0000XVUH.BO,0P0000XVUL.BO,0P0000XVTZ.BO,0P0000XVUV.BO,0P0000XVVB.BO,0P0000XWB3.BO,0P0000XVZ1.BO,0P00019ZBR.BO,0P0000XVZR.BO,0P0000XW0O.BO,0P0000XW00.BO,0P0000XW04.BO,0P0000XW2T.BO,0P0000XYE4.BO,0P0000ZK6O.BO,0P000123Q6.BO,0P0000XVB1.BO,0P0000XW55.BO,0P0001EI12.BO,0P0000XW8D.BO,0P00012K1G.BO,0P0000XW8Q.BO,0P0000XW8G.BO,0P0000XW8W.BO,0P0000XUYA.BO,0P0000XWA3.BO,0P0000YF56.BO,0P0000XWAT.BO,0P000148GW.BO,0P0000XUYV.BO,0P0000XWA0.BO,0P0000XUYS.BO,0P0000XWCA.BO,0P0000XV19.BO,0P0000XV0G.BO,0P0000XV0J.BO,0P0000XV1I.BO,0P00014KAU.BO,0P0000XVGR.BO,0P0000XVH6.BO,0P0000XV5M.BO,0P0000XV6D.BO,0P0000XZRU.BO,0P0000XV5R.BO,0P0000XV8D.BO,0P0000XV70.BO,0P0000XV8J.BO,0P00019J57.BO,0P0000XV9V.BO,0P0000XVA0.BO,0P00017844.BO,0P0000XVFJ.BO,0P000153GC.BO,0P0000XVG6.BO,0P0000XVEU.BO,0P0000XVFU.BO,0P0000YWL1.BO,0P00011MAT.BO,0P0000XVC6.BO,0P0000XW4A.BO,0P0000XW4E.BO,0P0000XW51.BO,0P00015HLN.BO,0P0000XVJN.BO,0P0000XVK3.BO,0P0000XVK8.BO,0P0000XVLN.BO,0P0000XVLH.BO,0P0000XVKT.BO,0P0000XVLL.BO,0P0000XW1B.BO,0P0000XVPE.BO,0P0000XVPF.BO,0P0000XVSO.BO
market,in_market,in_market,in_market,in_market,in_market,in_market,in_market,in_market,in_market,in_market,in_market,in_market,in_market,in_market,in_market,in_market,in_market,in_market,in_market,in_market,in_market,in_market,in_market,in_market,in_market,in_market,in_market,in_market,in_market,in_market,in_market,in_market,in_market,in_market,in_market,in_market,in_market,in_market,in_market,in_market,in_market,in_market,in_market,in_market,in_market,in_market,in_market,in_market,in_market,in_market,in_market,in_market,in_market,in_market,in_market,in_market,in_market,in_market,in_market,in_market,in_market,in_market,in_market,in_market,in_market,in_market,in_market,in_market,in_market,in_market,in_market,in_market,in_market,in_market,in_market,in_market,in_market,in_market,in_market,in_market,in_market,in_market,in_market
annualHoldingsTurnover,4.717,13.1504,19.5812,3.9256,1.4238,13.516899,4.5838,7.7319,1.1029,0.6369,4.6,2.3343,4.6746,0.6308,1.1269001,6.0522,2.3481,0.8033,0.943,0.8596,1.9039999,1.1512,3.4928,4.14,24.58,19.6696,0.3005,0.1846,1.2589,0.7618,0.35950002,0.8714,0.7564,3.5015,0.734,2.6141,0.8683,6.0589004,0.5585,0.39330003,0.6257,1.8358,8.3384,13.0925,12.528299,0.45880002,10.893499,1.1578,0.3732,3.3042998,1.4784,5.3708,0.2712,1.595,5.1878996,1.3566,3.0093,0.77129996,0.518,0.59,4.22,6.2834,0.73910004,8.5719,3.0451002,0.1382,3.1883,17.5226,0.3183,0.4647,0.4105,1.5830001,2.0786,2.3442,2.1442,2.7629,2.579,2.0718,2.2842,0.3085,0.3463,0.4312,0.0921
enterpriseToRevenue,,,,,,,,,,,,,,,,,,,,,,,,,,,,,,,,,,,,,,,,,,,,,,,,,,,,,,,,,,,,,,,,,,,,,,,,,,,,,,,,,,,
beta3Year,0.96,1.55,1.22,1.25,0.84,0.88,,0.83,0.94,0.72,0.98,1.25,1.51,1.03,0.62,0.88,,1.14,0.92,1.1,0.98,1.04,,1.32,0.84,0.76,1.12,,1.25,1.17,,1.31,0.79,0.85,0.97,1.29,0.88,0.83,0.77,,,1.27,1.07,1.05,1.4,1.05,1.04,1.02,1.09,1.01,0.89,1.15,0.86,1.98,0.37,2.45,,1.02,0.96,0.98,,1.4,1.06,1.22,1.15,0.56,0.92,,1.82,0.86,0.94,0.86,,0.44,0.75,1.46,1.18,,1.05,0.89,,,0.91
profitMargins,,,,,,,,,,,,,,,,,,,,,,,,,,,,,,,,,,,,,,,,,,,,,,,,,,,,,,,,,,,,,,,,,,,,,,,,,,,,,,,,,,,
enterpriseToEbitda,,,,,,,,,,,,,,,,,,,,,,,,,,,,,,,,,,,,,,,,,,,,,,,,,,,,,,,,,,,,,,,,,,,,,,,,,,,,,,,,,,,
52WeekChange,,,,,,,,,,,,,,,,,,,,,,,,,,,,,,,,,,,,,,,,,,,,,,,,,,,,,,,,,,,,,,,,,,,,,,,,,,,,,,,,,,,
morningStarRiskRating,2,4,4,5,2,2,4,0,2,1,2,3,2,2,1,2,0,5,3,5,3,3,3,3,1,0,1,5,2,2,4,4,2,3,4,4,2,3,1,1,5,3,3,3,3,4,4,4,1,3,1,4,3,3,4,4,0,4,4,3,5,3,5,2,3,1,3,2,2,3,4,3,5,2,1,2,3,1,3,4,4,5,2
forwardEps,,,,,,,,,,,,,,,,,,,,,,,,,,,,,,,,,,,,,,,,,,,,,,,,,,,,,,,,,,,,,,,,,,,,,,,,,,,,,,,,,,,
revenueQuarterlyGrowth,,,,,,,,,,,,,,,,,,,,,,,,,,,,,,,,,,,,,,,,,,,,,,,,,,,,,,,,,,,,,,,,,,,,,,,,,,,,,,,,,,,
fundInceptionDate,1356998400,1356998400,1356998400,1356998400,1356998400,1356998400,1439510400,1356998400,1356998400,1356998400,1356998400,1356998400,1356998400,1356998400,1356998400,1356998400,1491523200,1356998400,1356998400,1356998400,1356998400,1356998400,1358812800,1379030400,1392249600,1356998400,1356998400,1356998400,1356998400,1395705600,1356998400,1356998400,1356998400,1356998400,1356998400,1363219200,1356998400,1410480000,1356998400,1356998400,1356998400,1356998400,1356998400,1356998400,1356998400,1356998400,1414627200,1356998400,1356998400,1356998400,1356998400,1359504000,1356998400,1356998400,1356998400,1356998400,1485907200,1356998400,1356998400,1451260800,1356998400,1418342400,1356998400,1356998400,1356998400,1369353600,1385942400,1356998400,1356998400,1356998400,1356998400,1424908800,1356998400,1356998400,1356998400,1356998400,1359417600,1363651200,1356998400,1356998400,1356998400,1356998400,1356998400
annualReportExpenseRatio,0.0027,0.0057,0.008,0.0094,0.009,0.0063,0.0166,0.00090000004,0.011,0.0116,0.0028,0.0043,0.0025,0.013300001,0.0061000003,0.0074,0.0124,0.018099999,0.0172,0.0093,0.0150999995,0.0077,0.0115,0.0029,0.0093,0.00059999997,0.0097,0.0106,0.0034,0.0095999995,0.0052,0.012999999,0.0025,0.006,0.0113,0.0049,0.0119,0.001,0.0086,0.0023,0.0043,0.0046,0.0109,0.0083,0.0045,0.0093,0.0087,0.0296,0.0306,0.0083,0,0,0,0.0054,0.0027,0.0036000002,0.0072000003,0,0,0,0.0121,0.0068,0.0126,0.0015,0.0042,0.019199999,0.0166,0.012,0.02,0.0342,0.0639,0.0152,0.014199999,0.0039,0.0072000003,0.0038,0.0058999998,0.0104,0.0034,0.013300001,0.0111,0,0.017
totalAssets,2256856064,734990976,16024178688,1473870976,,,,11771773952,,,,,2231470080,543000,,1698556032,,,,79437000,166191008,2429554944,,,,,1742057216,,,,354848079872,12725576704,,41331408896,9306804224,,2144604032,,,96684816,,,627652992,,,,,645382016,1181202944,4340717056,,783977088,2091954048,,3930120960,100556000,,,,,1483795968,,22226911232,143911944192,10272984064,,,878492032,35260000,45448000,43791000,,201996000,1222631040,656998016,34323283968,59418000,137483008,32307000,,,,16449469440
bookValue,,,,,,,,,,,,,,,,,,,,,,,,,,,,,,,,,,,,,,,,,,,,,,,,,,,,,,,,,,,,,,,,,,,,,,,,,,,,,,,,,,,
fundFamily,,,,,,,,,,,,,,,,,,,,,,,,,,,,,,,,,,,,,,,,,,,,,,,,,,,,,,,,,,,,,,,,,,,,,,,,,,,,,,,,,,,
lastFiscalYearEnd,,,,,,,,,,,,,,,,,,,,,,,,,,,,,,,,,,,,,,,,,,,,,,,,,,,,,,,,,,,,,,,,,,,,,,,,,,,,,,,,,,,
netIncomeToCommon,,,,,,,,,,,,,,,,,,,,,,,,,,,,,,,,,,,,,,,,,,,,,,,,,,,,,,,,,,,,,,,,,,,,,,,,,,,,,,,,,,,
trailingEps,,,,,,,,,,,,,,,,,,,,,,,,,,,,,,,,,,,,,,,,,,,,,,,,,,,,,,,,,,,,,,,,,,,,,,,,,,,,,,,,,,,
lastDividendValue,,,,,,,,,,,,,,,,,,,,,,,,,,,,,,,,,,,,,,,,,,,,,,,,,,,,,,,,,,,,,,,,,,,,,,,,,,,,,,,,,,,
SandP52WeekChange,,,,,,,,,,,,,,,,,,,,,,,,,,,,,,,,,,,,,,,,,,,,,,,,,,,,,,,,,,,,,,,,,,,,,,,,,,,,,,,,,,,
priceToBook,,,,,,,,,,,,,,,,,,,,,,,,,,,,,,,,,,,,,,,,,,,,,,,,,,,,,,,,,,,,,,,,,,,,,,,,,,,,,,,,,,,
nextFiscalYearEnd,,,,,,,,,,,,,,,,,,,,,,,,,,,,,,,,,,,,,,,,,,,,,,,,,,,,,,,,,,,,,,,,,,,,,,,,,,,,,,,,,,,
yield,0,0,0,0,0,0,0,0,0,0,0,0,0,0,0,0,0,0,0,0,0,0,0,0,0,0,0,0,0,0,0,0,0,0,0,0,0,0,0,0,0,0,0,0,0,0,0,0,0,0,0,0,0,0,0,0,0,0,0,0,0,0,0,0,0,0,0,0,0,0,0,0,0,0,0,0,0,0,0,0,0,0,0
mostRecentQuarter,,,,,,,,,,,,,,,,,,,,,,,,,,,,,,,,,,,,,,,,,,,,,,,,,,,,,,,,,,,,,,,,,,,,,,,,,,,,,,,,,,,
enterpriseValue,,,,,,,,,,,,,,,,,,,,,,,,,,,,,,,,,,,,,,,,,,,,,,,,,,,,,,,,,,,,,,,,,,,,,,,,,,,,,,,,,,,
priceHint,2,2,2,2,2,2,2,2,2,2,2,2,2,2,2,2,2,2,2,2,2,2,2,2,2,2,2,2,2,2,2,2,2,2,2,2,2,2,2,2,2,2,2,2,2,2,2,2,2,2,2,2,2,2,2,2,2,2,2,2,2,2,2,2,2,2,2,2,2,2,2,2,2,2,2,2,2,2,2,2,2,2,2
threeYearAverageReturn,,,,,,,,,,,,,,,,,,,,,,,,,,,,,,,,,,,,,,,,,,,,,,,,,,,,,,,,,,,,,,,,,,,,,,,,,,,,,,,,,,,
lastSplitDate,,,,,,,,,,,,,,,,,,,,,,,,,,,,,,,,,,,,,,,,,,,,,,,,,,,,,,,,,,,,,,,,,,,,,,,,,,,,,,,,,,,
lastSplitFactor,,,,,,,,,,,,,,,,,,,,,,,,,,,,,,,,,,,,,,,,,,,,,,,,,,,,,,,,,,,,,,,,,,,,,,,,,,,,,,,,,,,
legalType,,,,,,,,,,,,,,,,,,,,,,,,,,,,,,,,,,,,,,,,,,,,,,,,,,,,,,,,,,,,,,,,,,,,,,,,,,,,,,,,,,,
lastDividendDate,,,,,,,,,,,,,,,,,,,,,,,,,,,,,,,,,,,,,,,,,,,,,,,,,,,,,,,,,,,,,,,,,,,,,,,,,,,,,,,,,,,
morningStarOverallRating,5,5,5,5,5,5,5,0,5,5,5,5,5,5,5,5,0,4,5,5,4,5,4,5,4,0,5,3,5,5,5,4,5,5,4,5,4,4,5,5,5,5,5,5,5,4,4,5,4,5,5,5,5,5,5,4,0,5,5,5,4,5,4,5,5,5,2,3,3,4,4,5,5,5,5,5,5,5,5,5,5,5,4
earningsQuarterlyGrowth,,,,,,,,,,,,,,,,,,,,,,,,,,,,,,,,,,,,,,,,,,,,,,,,,,,,,,,,,,,,,,,,,,,,,,,,,,,,,,,,,,,
priceToSalesTrailing12Months,,,,,,,,,,,,,,,,,,,,,,,,,,,,,,,,,,,,,,,,,,,,,,,,,,,,,,,,,,,,,,,,,,,,,,,,,,,,,,,,,,,
pegRatio,,,,,,,,,,,,,,,,,,,,,,,,,,,,,,,,,,,,,,,,,,,,,,,,,,,,,,,,,,,,,,,,,,,,,,,,,,,,,,,,,,,
ytdReturn,0.0214,0.0109,0.0153,0.089700006,0.109799996,0.014099999,0.0706,0.0174,0.1475,0.25959998,0.02,0.0295,0.0221,0.0278,0.024500001,0.048899997,0.1924,0.2867,0.158,0.2401,0.22790001,0.283,0.1245,0.0163,0.0233,0.0168,0.3407,0.1649,0.0146,0.0348,0.0945,0.0372,0.0159,0.0223,0.0794,0.0164,0.118,0.008,0.0272,0.0197,0.1425,0.019,-0.0125,0.0033000002,0.0034,0.1915,0.1126,0.14109999,0.2594,0.0128999995,0.026700001,0.061300002,0.19950001,0.0171,0.0124,0.0109,0.0712,0.19709998,0.1089,0.17549999,0.0853,0.0057,0.14729999,0.0156,0.0222,0.1748,0.28280002,0.0738,0.16059999,0.32740003,0.3607,0.1157,0.0557,0.0036000002,0.012999999,0.0139999995,0.012200001,0.063200004,0.0092,0.2458,0.0128999995,0.0675,0.1094
forwardPE,,,,,,,,,,,,,,,,,,,,,,,,,,,,,,,,,,,,,,,,,,,,,,,,,,,,,,,,,,,,,,,,,,,,,,,,,,,,,,,,,,,
maxAge,1,1,1,1,1,1,1,1,1,1,1,1,1,1,1,1,1,1,1,1,1,1,1,1,1,1,1,1,1,1,1,1,1,1,1,1,1,1,1,1,1,1,1,1,1,1,1,1,1,1,1,1,1,1,1,1,1,1,1,1,1,1,1,1,1,1,1,1,1,1,1,1,1,1,1,1,1,1,1,1,1,1,1
lastCapGain,,,,,,,,,,,,,,,,,,,,,,,,,,,,,,,,,,,,,,,,,,,,,,,,,,,,,,,,,,,,,,,,,,,,,,,,,,,,,,,,,,,
category,,,,,,,,,,,,,,,,,,,,,,,,,,,,,,,,,,,,,,,,,,,,,,,,,,,,,,,,,,,,,,,,,,,,,,,,,,,,,,,,,,,
fiveYearAverageReturn,,,,,,,,,,,,,,,,,,,,,,,,,,,,,,,,,,,,,,,,,,,,,,,,,,,,,,,,,,,,,,,,,,,,,,,,,,,,,,,,,,,
address1,Aditya Birla Sun Life AMC Ltd,Aditya Birla Sun Life AMC Ltd,Aditya Birla Sun Life AMC Ltd,Aditya Birla Sun Life AMC Ltd,Axis Asset Management Company Ltd.,Axis Asset Management Company Ltd.,Axis Asset Management Company Ltd.,Axis Asset Management Company Ltd.,Axis Asset Management Company Ltd.,Axis Asset Management Company Ltd.,Axis Asset Management Company Ltd.,Axis Asset Management Company Ltd.,Axis Asset Management Company Ltd.,Baroda Pioneer Asset Management Company Limited,Baroda Pioneer Asset Management Company Limited,BNP Paribas Asset Management India Private Limited,BNP Paribas Asset Management India Private Limited,BOI AXA Investment Managers Private Limited,Canara Robeco Asset Management Company Limited,Canara Robeco Asset Management Company Limited,Canara Robeco Asset Management Company Limited,DSP BlackRock Investment Managers Private Limited,"Edelweiss House, Off. C.S.T Road, Kalina, Mumbai 400 098",JPMorgan Asset Management India Pvt. Ltd.,JPMorgan Asset Management India Pvt. Ltd.,Peerless Funds Management Co. Ltd.,Franklin Templeton Asset Management (India) Private Limited,HDFC Asset Management Company Limited,HDFC Asset Management Company Limited,HDFC Asset Management Company Limited,HDFC Asset Management Company Limited,HDFC Asset Management Company Limited,HDFC Asset Management Company Limited,ICICI Prudential Asset Mgmt.Company Limited,ICICI Prudential Asset Mgmt.Company Limited,ICICI Prudential Asset Mgmt.Company Limited,ICICI Prudential Asset Mgmt.Company Limited,ICICI Prudential Asset Mgmt.Company Limited,ICICI Prudential Asset Mgmt.Company Limited,ICICI Prudential Asset Mgmt.Company Limited,ICICI Prudential Asset Mgmt.Company Limited,ICICI Prudential Asset Mgmt.Company Limited,IDFC Asset Management Company Limited,IDFC Asset Management Company Limited,IDFC Asset Management Company Limited,IDFC Asset Management Company Limited,India Infoline Asset Management Co. Ltd.,Religare Invesco Asset Management Company Private Limited,Religare Invesco Asset Management Company Private Limited,Kotak Mahindra Asset Management Company Limited(KMAMCL),Kotak Mahindra Asset Management Company Limited(KMAMCL),Kotak Mahindra Asset Management Company Limited(KMAMCL),Kotak Mahindra Asset Management Company Limited(KMAMCL),FIL Fund Management Private Limited,L&T Investment Management Limited,L&T Investment Management Limited,"1st Floor, Sadhana House, Behind Mahindra Tower","Unit No.606, Windsor Building Off.","Unit No.606, Windsor Building Off.",Mirae Asset Global Investments (India) Pvt. Ltd.,Reliance Capital Asset Management Ltd.,Reliance Capital Asset Management Ltd.,Reliance Capital Asset Management Ltd.,Reliance Capital Asset Management Ltd.,Reliance Capital Asset Management Ltd.,PPFAS Asset Management Pvt. Ltd.,DHFL Pramerica Asset Managers Private Limited,Principal Pnb Asset Management Co. Pvt. Ltd.,"6th Floor, Sea Breeze Building, A. M. Road, Prabhadevi Mumbai 400025","6th Floor, Sea Breeze Building, A. M. Road, Prabhadevi Mumbai 400025","6th Floor, Sea Breeze Building, A. M. Road, Prabhadevi Mumbai 400025",SBI Funds Management Private Limited,SBI Funds Management Private Limited,SBI Funds Management Private Limited,SBI Funds Management Private Limited,SBI Funds Management Private Limited,SBI Funds Management Private Limited,SBI Funds Management Private Limited,SBI Funds Management Private Limited,"5th Floor, Harchandrai House",Tata Asset Management Limited,Tata Asset Management Limited,UTI Asset Management Company Ltd
address2,"One India Bulls Centre ,Tower 1, 17th Flr,","One India Bulls Centre ,Tower 1, 17th Flr,","One India Bulls Centre ,Tower 1, 17th Flr,","One India Bulls Centre ,Tower 1, 17th Flr,","Axis House, 1st Floor, C-2, Wadia International Ce","Axis House, 1st Floor, C-2, Wadia International Ce","Axis House, 1st Floor, C-2, Wadia International Ce","Axis House, 1st Floor, C-2, Wadia International Ce","Axis House, 1st Floor, C-2, Wadia International Ce","Axis House, 1st Floor, C-2, Wadia International Ce","Axis House, 1st Floor, C-2, Wadia International Ce","Axis House, 1st Floor, C-2, Wadia International Ce","Axis House, 1st Floor, C-2, Wadia International Ce","501 TITANIUM, 5TH Floor,","501 TITANIUM, 5TH Floor,","BNP Paribas House, 1, North Avenue, Maker Maxity,","BNP Paribas House, 1, North Avenue, Maker Maxity,","B/204, Tower 1, Peninsula Corporate Park,","Construction House, 4th Floor,","Construction House, 4th Floor,","Construction House, 4th Floor,","Mafatlal Centre, 10th Floor,",,"J.P.Morgan Tower,","J.P.Morgan Tower,","H.O. 3rd Floor,","Indiabulls Finance Centre; Tower 2, 12th and 13th","âHUL Houseâ, 2nd Floor,","âHUL Houseâ, 2nd Floor,","âHUL Houseâ, 2nd Floor,","âHUL Houseâ, 2nd Floor,","âHUL Houseâ, 2nd Floor,","âHUL Houseâ, 2nd Floor,","3rd Floor, Hallmark Business Plaza,","3rd Floor, Hallmark Business Plaza,","3rd Floor, Hallmark Business Plaza,","3rd Floor, Hallmark Business Plaza,","3rd Floor, Hallmark Business Plaza,","3rd Floor, Hallmark Business Plaza,","3rd Floor, Hallmark Business Plaza,","3rd Floor, Hallmark Business Plaza,","3rd Floor, Hallmark Business Plaza,","OneIndiaBulls Centre, 841, Jupiter Mills Compound,","OneIndiaBulls Centre, 841, Jupiter Mills Compound,","OneIndiaBulls Centre, 841, Jupiter Mills Compound,","OneIndiaBulls Centre, 841, Jupiter Mills Compound,","IIFL Centre, 3rd Floor Annex, Kamala City,","3rd Floor, GYS Infinity,","3rd Floor, GYS Infinity,","36-38A, Nariman Bhavan,","36-38A, Nariman Bhavan,","36-38A, Nariman Bhavan,","36-38A, Nariman Bhavan,","6th Floor, Mafatlal Centre,","6th Floor, Mafatlal Centre,","6th Floor, Mafatlal Centre,","570 P. B. Marg, Worli, Mumbai 400018","C.S.T Road, Kalina Santacruz E","C.S.T Road, Kalina Santacruz E","Unit 606, 6th Floor,","One India Bulls Centre - Tower One,","One India Bulls Centre - Tower One,","One India Bulls Centre - Tower One,","One India Bulls Centre - Tower One,","One India Bulls Centre - Tower One,","Great Western Building, 1st Floor,","Nirlon House, 2nd Floor,","Exchange Plaza, Ground Floor, B Wing,",,,,"9th Floor, Crescenzo,","9th Floor, Crescenzo,","9th Floor, Crescenzo,","9th Floor, Crescenzo,","9th Floor, Crescenzo,","9th Floor, Crescenzo,","9th Floor, Crescenzo,","9th Floor, Crescenzo,","81,Maharshi Karve Road,","Mafatlal Centre, 9th Floor,","Mafatlal Centre, 9th Floor,","UTI Towers, Gn Block,"
address3,"Jupiter Mill Compound,841,S.B. Marg,","Jupiter Mill Compound,841,S.B. Marg,","Jupiter Mill Compound,841,S.B. Marg,","Jupiter Mill Compound,841,S.B. Marg,","Pandurang Budhkar Marg, Worli,","Pandurang Budhkar Marg, Worli,","Pandurang Budhkar Marg, Worli,","Pandurang Budhkar Marg, Worli,","Pandurang Budhkar Marg, Worli,","Pandurang Budhkar Marg, Worli,","Pandurang Budhkar Marg, Worli,","Pandurang Budhkar Marg, Worli,","Pandurang Budhkar Marg, Worli,","Western Express Highway,","Western Express Highway,","Bandra Kurla Complex, Bandra (E)","Bandra Kurla Complex, Bandra (E)","Ganpatrao Kadam Marg,","5 Walchand Hirachand Marg, Ballard Estate,","5 Walchand Hirachand Marg, Ballard Estate,","5 Walchand Hirachand Marg, Ballard Estate,",Nariman Point,,"Off C.S.T. Road, Kalina,","Off C.S.T. Road, Kalina,","1, Chowringhee Square,",Senapati Bapat Marg;,"H.T. Parekh Marg,165-166, Backbay Reclamation,","H.T. Parekh Marg,165-166, Backbay Reclamation,","H.T. Parekh Marg,165-166, Backbay Reclamation,","H.T. Parekh Marg,165-166, Backbay Reclamation,","H.T. Parekh Marg,165-166, Backbay Reclamation,","H.T. Parekh Marg,165-166, Backbay Reclamation,","Sant Dyaneshwar Marg,","Sant Dyaneshwar Marg,","Sant Dyaneshwar Marg,","Sant Dyaneshwar Marg,","Sant Dyaneshwar Marg,","Sant Dyaneshwar Marg,","Sant Dyaneshwar Marg,","Sant Dyaneshwar Marg,","Sant Dyaneshwar Marg,","Senapati Bapat Marg,","Senapati Bapat Marg,","Senapati Bapat Marg,","Senapati Bapat Marg,","Senapati Bapat Marg, Lower Parel,","Paranjpe &#39;B&#39; Scheme, Subhash Road,","Paranjpe &#39;B&#39; Scheme, Subhash Road,","227, Nariman Point,","227, Nariman Point,","227, Nariman Point,","227, Nariman Point,","Nariman Point,",Nariman Point,Nariman Point,,,,"Windsor, Off CST Road, Kalina,","11th & 12th floor, Jupiter Mills Compound,","11th & 12th floor, Jupiter Mills Compound,","11th & 12th floor, Jupiter Mills Compound,","11th & 12th floor, Jupiter Mills Compound,","11th & 12th floor, Jupiter Mills Compound,","130/132, S.B.S. Marg, Opp. Lion Gate,","Dr. Annie Besant Road,","NSE Building, Bandra Kurla Complex,",,,,"C-38 & 39, G Block, Bandra Kurla Complex,","C-38 & 39, G Block, Bandra Kurla Complex,","C-38 & 39, G Block, Bandra Kurla Complex,","C-38 & 39, G Block, Bandra Kurla Complex,","C-38 & 39, G Block, Bandra Kurla Complex,","C-38 & 39, G Block, Bandra Kurla Complex,","C-38 & 39, G Block, Bandra Kurla Complex,","C-38 & 39, G Block, Bandra Kurla Complex,","Marine Lines,","Nariman Point,","Nariman Point,","Bandra Kurla Complex,"
longBusinessSummary,The investment objective of the scheme is to generate optimal returns with high liquidity through active management of the portfolio by investing in High Quality Debt and Money Market Instruments.,An Open - ended government securities scheme with the objective to generate income and capital appreciation through investments exclusively in Government Securities.,An Open-ended Income Scheme to generate consistent income through superior yields on its investments at moderate levels of risk through a diversified investment approach. This income may be complemented by price changes of instruments in the portfolio.,An Open-ended income scheme with the objective to generate regular income so as to make monthly payment or distribution to unit holders with the secondary objective being growth of capital. Monthly Income is not assured and is subject to availability of distributable surplus.,"To achieve long term capital appreciation by investing in a diversified portfolio predominantly consisting of equity and equity related securities of Large Cap
companies including derivatives. However, there can be no assurance that the investment objective of the Scheme will be achieved.",To generate optimal returns while maintaining liquidity through active management of a portfolio of debt and money market instruments.,"The investment objective of the scheme is to provide capital appreciation and income distribution to the investors by using equity and equity related instruments, arbitrage opportunities, and investments in debt and money market instruments. However, there is no assurance or guarantee that the investment objective of the Scheme will be achieved.",To provide a high level of liquidity with reasonable returns commensurating with low risk through a portfolio of money market and debt securities. However there can be no assurance that the investment objective of the scheme will be achieved.,"To generate income and long-term capital appreciation from a diversified portfolio of predominantly equity and equity-related securities. However, there can be no assurance that the investment objective of the Scheme will be achieved.",To achieve long term capital appreciation by investing predominantly in equity & equity related instruments of Mid Cap companies.,"To generate stable returns with a low risk strategy while maintaining liquidity through a portfolio comprising of debt and money market instruments. However, there can be no assurance that the investment objective of the scheme will be achieved.",To generate optimal returns in the medium term while maintaining liquidity of the portfolio by investing in debt and money market instruments.,"To provide optimal returns and liquidity to the investors by investing primarily in a mix of money market and short term debt instruments which results in a portfolio having marginally higher maturity as compared to a liquid fund at the same time maintaining a balance between safety and liquidity. However, there can be no assurance that the investment objective of the Scheme will be achieved.",To generate regular income through investment in debt and money market instruments and also to generate long term capital appreciation by investing a portion in equity and equity related instruments.,The objective of the Scheme is to generate income from a portfolio constituted of short term debt and money market securities.,"The primary objective of the Scheme is to generate regular returns through investment primarily in Debt and Money Market Instruments. The secondary objective of the Scheme is to generate long-term capital appreciation by investing a portion of the Schemeâs assets in equity and equity related securities. However, there can be no assurance that the investment objective of the Scheme will be achieved. The Scheme does not guarantee / indicate any returns.","The Scheme seeks to generate income and capital appreciation by investing in a diversified portfolio of equity and equity related instruments and fixed income instruments. However, there can be no assurance that the investment objectives of the Scheme will be realized. The Scheme does not guarantee/indicate any returns",The Scheme seeks to generate long-term capital growth from a diversified portfolio of predominantly equity and equity-related securities across all market capitalisations. The Scheme is in the nature of diversified multi-cap fund. The Scheme is not providing any assured or guaranteed returns.(There can be no assurance that the investment objectives of the Scheme will be realized.),"The Investment Objective of the fund is to provide capital appreciation by predominantly investing in companies having a large market capitalization. However, there can be no assurance that the investment objective of the scheme will be realized.","To generate capital appreciation by investing in a diversified portfolio of large and mid-cap stocks. However, there can be no assurance that the investment objective of the scheme will be realized.","(ELSS Scheme) Seeking to provide long term capital appreciation by predominantly investing in equities and to facilitate the subscribers to seek tax benefits as provided under Section 80 C of the Income Tax Act, 1961. However, there can be no assurance that the investment objective of the scheme will be realized.","The primary investment objective of the Scheme is to seek to generate medium to long-term capital appreciation from a diversified portfolio that is substantially constituted of equity and equity related securities of corporates, and to enable investors to avail of a deduction from total income, as permitted under the Income Tax Act, 1961 from time to time.","The primary objective of the Scheme will be to generate absolute returns with low volatility over a longer tenure of time. The Scheme will accordingly invest in arbitrage opportunities and debt and money market instruments on the one hand and in pure equity investments and equity derivative strategies on the other. However, there is no assurance that the investment objective of the Scheme will be realized.","The investment objective of the Scheme is to generate returns commensurate with risks of investing in a portfolio of Debt Securities and Money Market Instruments issued by Banks, Public Sector Undertakings, Public Financial Institutions, entities majorly owned by Central and State Governments and Municipal Bonds. However, there can be no assurance that the investment objective of the scheme will be realized.","The investment objective of the Scheme is to generate income through investment in Securities of various maturities issued and/or created by the Central Government and State Governments of India. However, there can be no assurance that the investment objectives of the Scheme will be realized.","To provide a high level of liquidity with reasonable returns commensurate with low risk through a portfolio of money market and debt securities. However, there can be no assurance or guarantee that the investment objective of the scheme(s) will be achieved. The Scheme(s) does not assure or guarantee any returns.",The Scheme seeks to achieve capital appreciation through investments in companies engaged either directly or indirectly in infrastructure-related activities.,To provide long term capital appreciation / income from a dynamic mix of equity and debt investments. There is no assurance that the investment objective of the Scheme will be realized,To generate income/capital appreciation through investments predominantly in AA+ and above rated corporate bonds. There is no assurance that the investment objective of the Scheme will be realized.,"To generate income/capital appreciation by investing predominantly in AA and below rated corporate debt. There is no assurance that the investment
objective of the Scheme will be realized.","To provide capital appreciation by investing in Equity & equity related instruments, Arbitrage opportunities, and Debt & money market instruments.
There is no assurance that the investment objective of the scheme will be realized.","To generate income/capital appreciation by investing primarily in debt securities, money market instruments and moderate exposure to equities.
There is no assurance that the investment objective of the Scheme will be realized.","To generate income / capital appreciation through investments in Debt and Money Market Instruments.
There is no assurance that the investment objective of the Scheme will be realized.","To generate income through investing in a range of debt and money market instruments of various duration while maintaining the optimum balance of yield, safety and liquidity. However, there can be no assurance or guarantee that the investment objective of the Scheme would be achieved.",To generate long-term capital appreciation to unit holders from a portfolio that is invested predominantly in equity and equity related securities of companies engaged in banking and financial services.,"To generate income through predominantly investing in Debt instruments of banks, Public Sector Undertakings, Public Financial Institutions and Municipal Bonds while maintaining the optimum balance of yield, safety and liquidity. However, there can be no assurance or guarantee that the investment objective of the Scheme would be achieved.","To generate long term capital appreciation and income distribution to investors from a portfolio that is predominantly invested in equity and equity related securities of large cap companies. However, there can be no assurance or guarantee that the investment objective of the Scheme would be achieved.","To generate income primarily by investing in portfolio of Government Securities while maintaining constant maturity of the portfolio at 10 years. However, there can be no assurance or guarantee that the investment objective of the Scheme would be achieved.","To generate income through investing predominantly in AA and below rated corporate bonds while maintaining the optimum balance of yield, safety and liquidity. However, there can be no assurance or guarantee that the investment objective of the Scheme would be achieved.","The primary objective of the Scheme is to generate capital appreciation primarily from a portfolio of debt oriented schemes accessed through the diversified investment styles of underlying schemes. However, there can be no assurance or guarantee that the investment objective of the Scheme would be achieved","The investment objective of the Scheme is to invest in companies whose securities are included in Nifty Next 50 Index (the Index) and to endeavor to achieve the returns of the above index as closely as possible, though subject to tracking error. The Scheme will not seek to outperform the Nifty Next 50. The objective is that the performance of the NAV of the Scheme should closely track the performance of the Nifty Next 50 over the same period subject to tracking error. However, there is no assurance that the investment objective of the Scheme will be realized.","To generate income through investments in a range of debt and money market instruments. However, there can be no assurance or guarantee that the investment objective of the Scheme would be achieved.",The scheme seeks to invest in a diversified set of debt and money market securities with the aim of generating optimal returns over medium to long term such that the Macaulay duration of the portfolio is between 4 years and 7 years.,To generate optimal returns by active management of the portfolio by investing in debt and money market instruments across maturities.,The scheme seeks to generate optimal returns with high liquidity by investing in Government Securities across maturities.,The investment objective of the Scheme is to seek to generate long term capital growth from a diversified portfolio of predominantly equity and equity related securities. There can be no assurance that the investment objective of the scheme will be realised.,"The investment objective of the scheme is to generate long term capital appreciation for investors from a portfolio of equity and equity related securities. However, there can be no assurance or guarantee that the investment objective of the Scheme would be achieved.",To generate capital appreciation by investing predominantly in Equity and Equity Related Instruments through contrarian investing.,To generate capital appreciation by investing in a portfolio that is predominantly constituted of Equity and Equity Related Instruments of infrastructure companies.,"The investment objective of the Scheme is to provide reasonable
returns and reasonably high levels of liquidity by investing in
debt instruments such as bonds, debentures and Government
securities; and money market instruments such as treasury bills,
commercial papers, certificates of deposit, including repos in
permitted securities of different maturities, so as to spread the
risk across different kinds of issuers in the debt markets.
There is no assurance that the investment objective of the
Scheme will be realised.","The investment objective of the scheme is to generate income
by investing in debt /and money market securities across the
yield curve and predominantly in AA rated and below corporate
securities. The scheme would also seek to maintain reasonable
liquidity within the fund.
There is no assurance that the investment objective of the
Schemes will be realised.","The investment objective of the Scheme is to enhance returns
over a portfolio of debt instruments with a moderate exposure
in equity and equity related instruments. By investing in debt
securities, the Scheme will aim at generating regular returns,
while enhancement of return is intended through investing in
equity and equity related securities. The Scheme may also use
various derivative and hedging products from time to time, in
the manner permitted by SEBI.
There is no assurance that the investment objective of the
Schemes will be realised.","The investment objective of the scheme is to generate long-term capital appreciation from a portfolio of equity and equity related securities, by investing predominantly in mid companies. The scheme may also invest in debt and money market instruments, as per the asset allocation table. There is no assurance that the investment objective of the scheme will be achieved.",To generate reasonable returns primarily through investments in fixed income securities and money market instruments. There is no assurance that the objective of the Scheme will be realised and the Scheme does not assure or guarantee any returns.,To generate regular income through investment in a portfolio comprising substantially of money market instruments.,To generate regular return by investing predominantly in AA+ and above rated debt and money market instruments.,"The Scheme seeks to generate long term capital appreciation and also income through investments in equity and equity related instruments, arbitrage opportunities and investments in debt and money market instruments. However, there can be no assurance that the investment objective of the Scheme will be achieved. The Scheme does not assure or guarantee any returns.","The investment objective of the scheme is to generate income and capital appreciation from a portfolio primarily investing in Indian equities and equity related securities of large cap and mid cap companies at the time of investment. From time to time, the fund manager may also seek participation in other Indian equity and equity related securities to achieve optimal Portfolio construction. The Scheme does not guarantee or assure any returns.",The investment objective of the scheme is to generate long term capital appreciation by capitalizing on potential investment opportunities by predominantly investing in equities of large cap companies. The Scheme does not guarantee or assure any returns.,The investment objective of the scheme is to generate long term capital appreciation from a diversified portfolio of predominantly equity and equity related instruments. The Scheme does not guarantee or assure any returns.,"The investment objective of the scheme is to capitalize on the potential upside in equity markets while attempting to limit the downside by dynamically managing the portfolio through investment in equity & equity related instruments and active use of debt, money market instruments and derivatives. There is no assurance or guarantee that the investment objective of the scheme will be achieved.",The primary investment objective of the scheme is to generate optimal credit risk-free returns by investing in a portfolio of securities issued and guaranteed by the Central Government and State Government.,"The primary investment objective of the scheme is to seek to generate long term capital appreciation by investing predominantly into equity and equity related instruments of large cap companies. The secondary objective is to generate consistent returns by investing in debt, money market securities, REITs and InvITs. However, there can be no assurance that the investment objective of the Scheme will be realized.",The investment objective of the Scheme is to generate optimal returns consistent with moderate levels of risk and liquidity by investing in money market instruments.,The primary investment objective of the scheme is to generate stable returns for investors with a short term investment horizon by investing in debt and money market instruments.,The investment objective of the scheme is to seek to generate long-term capital growth from an actively managed portfolio primarily of equity and equity related securities.,The primary objective of the Scheme is to achieve long-term capital appreciation by predominantly investing in equity & equity related instruments of mid cap companies.,"To provide capital appreciation and income distribution to the investors by using equity and equity related instruments, arbitrage opportunities, and investments in debt and money market instruments. However, there can be no assurance that the investment objective of the Scheme will be realized or that income will be generated and the scheme does not assure or guarantee any returns.",The investments objective of the scheme is to generate income / capital appreciation by investing primarily in equity and equity related instruments with a moderate exposure to debt securities & money market instruments.,"The primary investment objective of the scheme is to seek to generate capital appreciation & provide long term growth opportunities by investing in a portfolio of Large Cap, Mid Cap and Small Cap companies. There is no assurance that the investment objective of the Scheme will be realized.",The investment objective of the Scheme is to generate Capital Appreciation by investing predominantly in a well diversified portfolio of Equity Shares with growth potential. This income may be complemented by possible dividend and other income.,"The investment objective of the scheme is to generate long-term capital appreciation to unit holders from a portfolio that is invested predominantly in equity and equity related securities of companies engaged in banking and financial services. However, there can be no assurance that the investment objective of the Scheme will be realized.",To provide the investors an opportunity to earn regular income predominantly through investment in debt and money market instruments and capital appreciation through an actively managed equity portfolio.,To provide returns to the investors generated through investments predominantly in Government securities issued by the Central Government and/or State Government such that the Average Maturity of the portfolio is around 10 years.,"To provide investors an opportunity to generate regular income through investments in debt and money market instruments such that the Macaulay duration of the portfolio is between 4 years and 7 years. However, there is no guarantee or assurance that the investment objective of the scheme will be achieved. The scheme doesnât assure or guarantee any returns.","To provide investors an opportunity to generate regular income with reasonable degree of liquidity through investments in debt and money market instruments in
such a manner that the Macaulay duration of the portfolio is between 6 months and 12 months.","To provide investors an opportunity to generate attractive returns with moderate degree of liquidity through investments in debt and money market instruments such that the Macaulay duration of the portfolio is between 3 years - 4 years.
However, there is no guarantee or assurance that the investment objective of the scheme will be achieved. The scheme doesnât assure or guarantee any returns.",To provide the investors an opportunity to invest in an actively managed portfolio of multiple asset classes.,To provide investors an opportunity to generate regular income through investments in a portfolio comprising predominantly of debt instruments which are rated not below investment grade and money market instruments such that the Macaulay duration of the portfolio is between 1 year and 3 years.,To provide investors with opportunities for long-term growth in capital along with the liquidity of an open-ended scheme by investing predominantly in a well diversified basket of equity stocks of small cap companies.,"To provide a financial planning tool for long term financial security for investors based on their retirement planning goals. However, there can be no assurance
that the investment objective of the fund will be realized, as actual market movements may be at variance with anticipated trends.","To provide a financial planning tool for long term financial security for investors based on their retirement planning goals. However, there can be no assurance
that the investment objective of the fund will be realized, as actual market movements may be at variance with anticipated trends.","The primary objective of the scheme is to generate long term capital appreciation by investing predominantly in equity and equity related securities of companies across the market capitalization spectrum. However, there can be no assurance or guarantee that the investment objective of the scheme would be achieved."
companyOfficers,[],[],[],[],[],[],[],[],[],[],[],[],[],[],[],[],[],[],[],[],[],[],[],[],[],[],[],[],[],[],[],[],[],[],[],[],[],[],[],[],[],[],[],[],[],[],[],[],[],[],[],[],[],[],[],[],[],[],[],[],[],[],[],[],[],[],[],[],[],[],[],[],[],[],[],[],[],[],[],[],[],[],[]
previousClose,88.3965,67.2629,105.314,51.7211,46.88,25.2546,17.15,2306.58,74.2924,69.71,25.8331,23.047,2516.31,32.0474,24.5051,38.9597,18.9861,104.38,42.25,162.71,113.47,81.343,36.58,19.8081,20.0917,2269.21,65.3274,271.037,25.586,19.6718,49.014,51.4226,25.3441,29.7992,59.56,26.0241,61.96,19.5667,25.8845,35.9224,35.3974,23.1327,56.5603,29.3443,29.4443,60.99,28.2796,77.14,29.75,44.1443,25.7459,44.0293,46.88,23.1157,21.6141,60.7184,15.8404,93.475,76.535,30.2,123.937,18.4786,47.559,3248.02,43.8079,44.404,39.44,50.0568,171.536,368.612,205.187,25.2079,74.1773,51.2195,58.3903,2822.47,42.2423,37.7409,26.3711,99.366,24.8293,44.9844,238.616
regularMarketOpen,,,,,,,,,,,,,,,,,,,,,,,,,,,,,,,,,,,,,,,,,,,,,,,,,,,,,,,,,,,,,,,,,,,,,,,,,,,,,,,,,,,
twoHundredDayAverage,87.05981,66.40661,103.827965,49.83116,43.855408,24.930326,16.459703,2286.3699,68.347435,61.509853,25.495565,22.651575,2486.0989,31.389734,24.157387,37.886623,17.321093,90.43933,39.154816,145.0343,102.57645,71.885445,34.467556,19.519213,19.761948,2250.391,56.803326,254.25092,25.286364,19.292078,46.78051,56.811954,25.055025,29.38817,81.131035,25.727478,58.727924,19.363663,25.406157,35.493797,32.538548,22.900026,56.68521,29.078114,29.181585,84.474,26.544634,72.43074,26.97489,43.646152,25.308647,42.68107,114.51434,22.905382,21.472527,59.939144,15.201882,86.70535,72.17426,88.75456,118.39374,18.328636,44.59936,3222.2236,43.185154,41.322163,35.204224,48.206467,226.41882,326.2321,176.57713,24.341774,71.60182,50.8006,57.67004,2800.0046,41.715042,36.234497,26.143484,90.0882,26.309235,42.61212,224.18755
trailingAnnualDividendYield,,,,,,,,,,,,,,,,,,,,,,,,,,,,,,,,,,,,,,,,,,,,,,,,,,,,,,,,,,,,,,,,,,,,,,,,,,,,,,,,,,,
payoutRatio,,,,,,,,,,,,,,,,,,,,,,,,,,,,,,,,,,,,,,,,,,,,,,,,,,,,,,,,,,,,,,,,,,,,,,,,,,,,,,,,,,,
volume24Hr,,,,,,,,,,,,,,,,,,,,,,,,,,,,,,,,,,,,,,,,,,,,,,,,,,,,,,,,,,,,,,,,,,,,,,,,,,,,,,,,,,,
regularMarketDayHigh,,,,,,,,,,,,,,,,,,,,,,,,,,,,,,,,,,,,,,,,,,,,,,,,,,,,,,,,,,,,,,,,,,,,,,,,,,,,,,,,,,,
navPrice,,,,,,,,,,,,,,,,,,,,,,,,,,,,,,,,,,,,,,,,,,,,,,,,,,,,,,,,,,,,,,,,,,,,,,,,,,,,,,,,,,,
averageDailyVolume10Day,0,,0,0,0,0,0,0,0,0,0,0,0,0,0,0,,0,0,0,0,0,0,0,0,0,0,,0,0,0,0,0,0,0,0,0,0,0,0,0,0,0,0,0,0,0,0,0,0,0,0,0,0,0,0,,0,0,0,0,0,0,0,0,0,0,0,0,0,0,0,0,0,0,0,0,0,0,0,0,0,0
regularMarketPreviousClose,88.3965,67.2629,105.314,51.7211,46.88,25.2546,17.15,2306.58,74.2924,69.71,25.8331,23.047,2516.31,32.0474,24.5051,38.9597,18.9861,104.38,42.25,162.71,113.47,81.343,36.58,19.8081,20.0917,2269.21,65.3274,271.037,25.586,19.6718,49.014,51.4226,25.3441,29.7992,59.56,26.0241,61.96,19.5667,25.8845,35.9224,35.3974,23.1327,56.5603,29.3443,29.4443,60.99,28.2796,77.14,29.75,44.1443,25.7459,44.0293,46.88,23.1157,21.6141,60.7184,15.8404,93.475,76.535,30.2,123.937,18.4786,47.559,3248.02,43.8079,44.404,39.44,50.0568,171.536,368.612,205.187,25.2079,74.1773,51.2195,58.3903,2822.47,42.2423,37.7409,26.3711,99.366,24.8293,44.9844,238.616
fiftyDayAverage,88.13761,67.29108,105.234116,51.233757,46.18457,25.310986,16.95,2301.7175,72.72113,67.108,25.768717,22.9838,2509.151,31.816925,24.440758,38.627796,18.521112,99.555145,41.46057,157.36885,110.19428,78.6266,35.99743,19.8194,20.048824,2264.8965,63.0623,272.302,25.590857,19.685057,49.150913,58.960777,25.355518,29.779179,88.17117,26.012976,62.00941,19.57055,25.89125,35.89788,35.303932,23.133389,57.144978,29.356106,29.459627,93.665,28.428024,77.764114,30.330294,44.12749,25.729553,44.082016,271.72278,23.121933,21.6162,60.69455,15.833682,94.32041,76.725204,30.31203,124.13221,18.48949,47.650738,3248.6218,43.81591,45.02663,39.69294,50.22788,254.68541,372.95078,205.6242,25.500853,74.74,51.226696,58.388863,2822.9941,42.24048,37.91821,26.382444,100.6134,26.916739,44.881607,239.75838
trailingAnnualDividendRate,,,,,,,,,,,,,,,,,,,,,,,,,,,,,,,,,,,,,,,,,,,,,,,,,,,,,,,,,,,,,,,,,,,,,,,,,,,,,,,,,,,
open,,,,,,,,,,,,,,,,,,,,,,,,,,,,,,,,,,,,,,,,,,,,,,,,,,,,,,,,,,,,,,,,,,,,,,,,,,,,,,,,,,,
toCurrency,,,,,,,,,,,,,,,,,,,,,,,,,,,,,,,,,,,,,,,,,,,,,,,,,,,,,,,,,,,,,,,,,,,,,,,,,,,,,,,,,,,
averageVolume10days,0,,0,0,0,0,0,0,0,0,0,0,0,0,0,0,,0,0,0,0,0,0,0,0,0,0,,0,0,0,0,0,0,0,0,0,0,0,0,0,0,0,0,0,0,0,0,0,0,0,0,0,0,0,0,,0,0,0,0,0,0,0,0,0,0,0,0,0,0,0,0,0,0,0,0,0,0,0,0,0,0
expireDate,,,,,,,,,,,,,,,,,,,,,,,,,,,,,,,,,,,,,,,,,,,,,,,,,,,,,,,,,,,,,,,,,,,,,,,,,,,,,,,,,,,
algorithm,,,,,,,,,,,,,,,,,,,,,,,,,,,,,,,,,,,,,,,,,,,,,,,,,,,,,,,,,,,,,,,,,,,,,,,,,,,,,,,,,,,
dividendRate,,,,,,,,,,,,,,,,,,,,,,,,,,,,,,,,,,,,,,,,,,,,,,,,,,,,,,,,,,,,,,,,,,,,,,,,,,,,,,,,,,,
exDividendDate,,,,,,,,,,,,,,,,,,,,,,,,,,,,,,,,,,,,,,,,,,,,,,,,,,,,,,,,,,,,,,,,,,,,,,,,,,,,,,,,,,,
beta,,,,,,,,,,,,,,,,,,,,,,,,,,,,,,,,,,,,,,,,,,,,,,,,,,,,,,,,,,,,,,,,,,,,,,,,,,,,,,,,,,,
circulatingSupply,,,,,,,,,,,,,,,,,,,,,,,,,,,,,,,,,,,,,,,,,,,,,,,,,,,,,,,,,,,,,,,,,,,,,,,,,,,,,,,,,,,
startDate,,,,,,,,,,,,,,,,,,,,,,,,,,,,,,,,,,,,,,,,,,,,,,,,,,,,,,,,,,,,,,,,,,,,,,,,,,,,,,,,,,,
regularMarketDayLow,,,,,,,,,,,,,,,,,,,,,,,,,,,,,,,,,,,,,,,,,,,,,,,,,,,,,,,,,,,,,,,,,,,,,,,,,,,,,,,,,,,
currency,INR,INR,INR,INR,INR,INR,INR,INR,INR,INR,INR,INR,INR,INR,INR,INR,INR,INR,INR,INR,INR,INR,INR,INR,INR,INR,INR,INR,INR,INR,INR,INR,INR,INR,INR,INR,INR,INR,INR,INR,INR,INR,INR,INR,INR,INR,INR,INR,INR,INR,INR,INR,INR,INR,INR,INR,INR,INR,INR,INR,INR,INR,INR,INR,INR,INR,INR,INR,INR,INR,INR,INR,INR,INR,INR,INR,INR,INR,INR,INR,INR,INR,INR
regularMarketVolume,,,,,,,,,,,,,,,,,,,,,,,,,,,,,,,,,,,,,,,,,,,,,,,,,,,,,,,,,,,,,,,,,,,,,,,,,,,,,,,,,,,
lastMarket,,,,,,,,,,,,,,,,,,,,,,,,,,,,,,,,,,,,,,,,,,,,,,,,,,,,,,,,,,,,,,,,,,,,,,,,,,,,,,,,,,,
maxSupply,,,,,,,,,,,,,,,,,,,,,,,,,,,,,,,,,,,,,,,,,,,,,,,,,,,,,,,,,,,,,,,,,,,,,,,,,,,,,,,,,,,
openInterest,,,,,,,,,,,,,,,,,,,,,,,,,,,,,,,,,,,,,,,,,,,,,,,,,,,,,,,,,,,,,,,,,,,,,,,,,,,,,,,,,,,
marketCap,,,,,,,,,,,,,,,,,,,,,,,,,,,,,,,,,,,,,,,,,,,,,,,,,,,,,,,,,,,,,,,,,,,,,,,,,,,,,,,,,,,
volumeAllCurrencies,,,,,,,,,,,,,,,,,,,,,,,,,,,,,,,,,,,,,,,,,,,,,,,,,,,,,,,,,,,,,,,,,,,,,,,,,,,,,,,,,,,
strikePrice,,,,,,,,,,,,,,,,,,,,,,,,,,,,,,,,,,,,,,,,,,,,,,,,,,,,,,,,,,,,,,,,,,,,,,,,,,,,,,,,,,,
averageVolume,0,,0,0,0,0,0,0,0,0,0,0,0,0,0,0,,0,0,0,0,0,0,0,0,0,0,,0,0,0,0,0,0,0,0,0,0,0,0,0,0,0,0,0,0,0,0,0,0,0,0,0,0,0,0,,0,0,0,0,0,0,0,0,0,0,0,0,0,0,0,0,0,0,0,0,0,0,0,0,0,0
dayLow,,,,,,,,,,,,,,,,,,,,,,,,,,,,,,,,,,,,,,,,,,,,,,,,,,,,,,,,,,,,,,,,,,,,,,,,,,,,,,,,,,,
ask,,,,,,,,,,,,,,,,,,,,,,,,,,,,,,,,,,,,,,,,,,,,,,,,,,,,,,,,,,,,,,,,,,,,,,,,,,,,,,,,,,,
askSize,,,,,,,,,,,,,,,,,,,,,,,,,,,,,,,,,,,,,,,,,,,,,,,,,,,,,,,,,,,,,,,,,,,,,,,,,,,,,,,,,,,
volume,,,,,,,,,,,,,,,,,,,,,,,,,,,,,,,,,,,,,,,,,,,,,,,,,,,,,,,,,,,,,,,,,,,,,,,,,,,,,,,,,,,
fiftyTwoWeekHigh,86.6776,,104.061,49.517,44.92,24.9812,16.58,2277.15,69.3997,60.04,25.3863,22.4562,2469.36,31.4403,23.9888,37.8822,,88.37,39.94,144.83,104.9,70.695,34.74,19.553,19.7183,2241.45,57.0941,,25.2564,19.0237,46.319,55.4361,24.9621,29.1411,77.63,25.5732,59.77,19.5388,25.0959,35.2009,31.9394,22.7287,57.4496,29.4094,29.5209,77,26.8995,73.2,26.21,43.5567,25.0342,42.2931,57.515,22.7275,21.37,60.1723,,86.504,73.483,28.132,116.801,18.476,45.1394,3202.68,42.8485,40.2947,33.75,48.2931,209.09,291.136,157.329,26.1787,70.3133,51.3822,57.5306,2783.16,41.65,35.9567,26.1346,85.0276,26.1459,42.7372,224.731
fromCurrency,,,,,,,,,,,,,,,,,,,,,,,,,,,,,,,,,,,,,,,,,,,,,,,,,,,,,,,,,,,,,,,,,,,,,,,,,,,,,,,,,,,
fiveYearAvgDividendYield,,,,,,,,,,,,,,,,,,,,,,,,,,,,,,,,,,,,,,,,,,,,,,,,,,,,,,,,,,,,,,,,,,,,,,,,,,,,,,,,,,,
fiftyTwoWeekLow,77.0866,,91.1172,37.318,25.54,22.0474,11.97,2189.98,37.6463,32.91,22.7282,20.2315,2284.38,26.5298,22.1342,31.4491,,45.13,20.65,72.42,50.86,35.155,22.51,17.1781,17.5488,2167.67,27.6988,,22.42,17.0096,33.701,44.0087,22.2694,26.1475,39.94,23.0739,30.12,17.4017,22.6771,31.8679,16.9518,21.1998,51.4695,26.1228,26.1089,37.27,13.3083,36.14,13.78,39.2203,22.8117,32.1674,30.479,21.0046,20.1286,52.8103,,40.214,36.768,12.915,79.4583,16.6955,23.4673,3017.71,38.8124,20.1555,13.98,34.2153,105.419,125.973,64.1197,12.2119,53.5202,46.4342,51.1984,2587.84,36.9342,25.742,23.6177,41.26,20.8225,25.1434,110.411
bid,,,,,,,,,,,,,,,,,,,,,,,,,,,,,,,,,,,,,,,,,,,,,,,,,,,,,,,,,,,,,,,,,,,,,,,,,,,,,,,,,,,
tradeable,False,False,False,False,False,False,False,False,False,False,False,False,False,False,False,False,False,False,False,False,False,False,False,False,False,False,False,False,False,False,False,False,False,False,False,False,False,False,False,False,False,False,False,False,False,False,False,False,False,False,False,False,False,False,False,False,False,False,False,False,False,False,False,False,False,False,False,False,False,False,False,False,False,False,False,False,False,False,False,False,False,False,False
dividendYield,,,,,,,,,,,,,,,,,,,,,,,,,,,,,,,,,,,,,,,,,,,,,,,,,,,,,,,,,,,,,,,,,,,,,,,,,,,,,,,,,,,
bidSize,,,,,,,,,,,,,,,,,,,,,,,,,,,,,,,,,,,,,,,,,,,,,,,,,,,,,,,,,,,,,,,,,,,,,,,,,,,,,,,,,,,
dayHigh,,,,,,,,,,,,,,,,,,,,,,,,,,,,,,,,,,,,,,,,,,,,,,,,,,,,,,,,,,,,,,,,,,,,,,,,,,,,,,,,,,,
regularMarketPrice,88.4633,67.3372,105.451,51.7244,46.92,25.276,17.16,2306.77,74.3636,69.7,25.8509,23.0604,2517.17,32.0942,24.5292,38.9565,18.9882,104.84,42.26,163.44,113.63,81.416,36.59,19.8299,20.0504,2269.4,65.2216,270.321,25.5851,19.6771,48.972,51.7018,25.3474,29.8019,61.8,26.0282,61.62,19.5644,25.886,35.9222,35.1115,23.1362,56.5463,29.3458,29.4462,62.23,28.1111,76.97,29.73,44.1346,25.7521,43.9847,47.48,23.1175,21.6156,60.7198,15.8075,93.318,76.317,30.105,123.668,18.4747,47.2607,3248.25,43.8035,44.5368,39.36,50.0968,171.736,368.529,204.58,25.066,74.1582,51.2291,58.3947,2823.01,42.2429,37.6691,26.3702,99.71,24.9962,44.827,238.028
logo_url,,,,,,,,,,,,,,,,,,,,,,,,,,,,,,,,,,,,,,,,,,,,,,,,,,,,,,,,,,,,,,,,,,,,,,,,,,,,,,,,,,,
